exercise,question,answer,konnektor,german,english,french,case_english,case_french,explanation_english,explanation_french,explanation_synonym_english,explanation_synonym_french
1,,,und,und,and,et,Coordinating conjunction,Conjonction de coordination,und = and ● Coordinating conjunction,und = et ● Conjonction de coordination,,
1,,,aber,aber,but,mais,Coordinating conjunction,Conjonction de coordination,aber = but ● Coordinating conjunction,aber = mais ● Conjonction de coordination,,
1,,,oder,oder,or,"ou, ou bien, ou alors",Coordinating conjunction,Conjonction de coordination,oder = or ● Coordinating conjunction,"oder = ou, ou bien, ou alors ● Conjonction de coordination",,
1,,,denn,denn,"for, because","car, parce que",Coordinating conjunction,Conjonction de coordination,"denn = for, because ● Coordinating conjunction","denn = car, parce que ● Conjonction de coordination",,
2,,,,Was,What,"Que, Quoi",,,was = what,"was = que, quoi",,
2,,,,Wie,How,Comment,,,wie = how,wie = comment,,
2,,,,Warum,Why,Pourquoi,,,warum = why,warum = pourquoi,,
2,,,,Wann,When,Quand,,,wann = when,wann = quand,,
2,,,,Wer,Who,Qui,,,wer = who,wer = qui,,
2,,,,Wo,Where,Où,,,wo = where,wo = où,,
3,,,,hier,here,ici,,,hier = here,hier = ici,,
3,,,,immer,always,toujours,,,immer = always,immer = toujours,,
3,,,,jetzt,now,maintenant,,,jetzt = now,jetzt = maintenant,,
3,,,,sehr,very,très,,,sehr = very,sehr = très,,
3,,,,bald,soon,bientôt,,,bald = soon,bald = bientôt,,
3,,,,gestern,yesterday,hier,,,gestern = yesterday,gestern = hier,,
3,,,,heute,today,aujourd'hui,,,heute = today,heute = aujourd'hui,,
3,,,,morgen,tomorrow,demain,,,morgen = tomorrow,morgen = demain,,
3,,,,manchmal,sometimes,parfois,,,manchmal = sometimes,manchmal = parfois,,
3,,,,dort,there,là,,,dort = there,dort = là,,
4,,,,nie,never,jamais,,,nie = never,nie = jamais,,
4,,,,oft,"often, frequently","souvent, fréquemment",,,"oft = often, frequently","oft = souvent, fréquemment",,
4,,,,links,"left, on the left",à gauche,,,"links = left, on the left",links = à gauche,,
4,,,,rechts,"right, on the right",à droite,,,"rechts = right, on the right",rechts = à droite,,
4,,,,nicht,not,ne ... pas,,,nicht = not,nicht = ne ... pas,,
4,,,,auch,"also, too",aussi,,,"auch = also, too",auch = aussi,,
4,,,,nur,"only, merely","seulement, que",,,"nur = only, merely","nur = seulement, que",,
4,,,,schon,already,déjà,,,schon = already,schon = déjà,,
4,,,,noch,"still, another",encore,,,"noch = still, another",noch = encore,,
4,,,,zu,"too, overly, excessively","trop, excessivement",,,"zu = too, overly, excessively","zu = trop, excessivement",,
5,,,also,also,"so, thus, hence","donc, ainsi, d'où",Adverb,Adverbe,"also = so, thus, hence ● Adverb","also = donc, ainsi, d'où ● Adverbe",,
5,,,deshalb,deshalb,"therefore, for this reason, because of that","pour cette raison, à cause de cela",Adverb,Adverbe,"deshalb = therefore, for this reason, because of that ● Adverb","deshalb = pour cette raison, à cause de cela ● Adverbe",,
5,,,dass,dass,that,que,Subordinating conjunction,Conjonctions de subordination,dass = that ● Subordinating conjunction,dass = que ● Conjonctions de subordination,,
5,,,wenn,wenn,"if, when (regular events)","si, quand (évènements récurrents)",Subordinating conjunction,Conjonctions de subordination,"wenn = if, when (regular events) ● Subordinating conjunction","wenn = si, quand (évènements récurrents) ● Conjonctions de subordination",,
5,,,als,als,"when (for a specific, one-off event in the past), as","quand (pour un évèvement spécifique dans le passé), lorsque",Subordinating conjunction,Conjonctions de subordination,"als = when (for a specific, one-off event in the past), as ● Subordinating conjunction","als = quand (pour un évèvement spécifique dans le passé), lorsque ● Conjonctions de subordination",,
5,,,dann,dann,then,"ensuite, alors",Adverb,Adverbe,dann = then ● Adverb,"dann = ensuite, alors ● Adverbe",,
5,,,da,da,"because, since","parce que, puisque, vu que",Subordinating conjunction,Conjonctions de subordination,"da = because, since ● Subordinating conjunction","da = parce que, puisque, vu que ● Conjonctions de subordination",,
6,,,,wohin,"Where to, Whither",Vers où,,,"wohin = where to, whither",wohin = vers où,,
6,,,,woher,"Where from, Whence",D'où,,,"woher = where from, whence",woher = d'où,,
6,,,,Welche,Which ● Feminine,Quelle ● Féminin,,,Welche = Which ● Feminine,Welche = Quelle ● Féminin,,
6,,,,Welcher,Which ● Masculine,Quel ● Masculin,,,Welcher = Which ● Masculine,Welcher = Quel ● Masculin,,
6,,,,Welches,Which ● Neuter,"Quel, Quelle ● Neutre",,,Welches = Which ● Neuter,"Welches = Quel, Quelle ● Neutre",,
6,,,,Welche,Which ● Plural,"Quels, Quelles ● Pluriel",,,Welche = Which ● Plural,"Welche = Quels, Quelles ● Pluriel",,
6,,,,Wie viel,How much,"Combien, Quelle quantité (indénombrable)",,,Wie viel = How much,"Wie viel = Combien, Quelle quantité (indénombrable)",,
6,,,,Wie viele,How many,Combien (dénombrable),,,Wie viele = How many,Wie viele = Combien (dénombrable),,
6,,,,Wie spät,"What time, At what time",À quelle heure,,,"Wie spät = What time, At what time",Wie spät = À quelle heure,,
7,,,,fast,almost,presque,,,fast = almost,fast = presque,,
7,,,,selten,"rarely, seldom",rarement,,,"selten = rarely, seldom",selten = rarement,,
7,,,,genug,enough,assez,,,genug = enough,genug = assez,,
7,,,,vielleicht,maybe,peut-être,,,vielleicht = maybe,vielleicht = peut-être,,
7,,,,wirklich,"really, truly",vraiment,,,"wirklich = really, truly",wirklich = vraiment,,
7,,,,zusammen,together,ensemble,,,zusammen = together,zusammen = ensemble,,
7,,,,allein,alone,seul,,,allein = alone,allein = seul,,
7,,,,bitte,please,"s'il te plaît, s'il vous plaît",,,bitte = please,"bitte = s'il te plaît, s'il vous plaît",,
8,,,,meistens,"mostly, usually","principalement, habituellement",,,"meistens = mostly, usually","meistens = principalement, habituellement",,
8,,,,gern,gladly,volontiers,,,gern = gladly,gern = volontiers,,
8,,,,so,so,"si, tellement",,,so = so,"so = si, tellement",,
8,,,,ein bisschen,a little,un peu,,,ein bisschen = a little,ein bisschen = un peu,,
8,,,,wieder,"again, another time, back","encore, à nouveau",,,"wieder = again, another time, back","wieder = encore, à nouveau",,
8,,,,drinnen,"inside, indoors",à l'intérieur,,,"drinnen = inside, indoors",drinnen = à l'intérieur,,
8,,,,draußen,"outside, outdoors","dehors, à l'extérieur",,,"draußen = outside, outdoors","draußen = dehors, à l'extérieur",,
8,,,,geradeaus,straight ahead,tout droit,,,geradeaus = straight ahead,geradeaus = tout droit,,
9,,,,regelmäßig,regularly,régulièrement,,,regelmäßig = regularly,regelmäßig = régulièrement,,
9,,,,mindestens,"at least, minimum","au moins, au minimum",,,"mindestens = at least, minimum","mindestens = au moins, au minimum",,
9,,,,höchstens,"at most, maximum","au plus, au maximum",,,"höchstens = at most, maximum","höchstens = au plus, au maximum",,
9,,,,gleich,"right away, at once, in a short moment","tout de suite, dans un instant",,,"gleich = right away, at once, in a short moment","gleich = tout de suite, dans un instant",,
9,,,,oben,"above, at the top","au-dessus, en haut",,,"oben = above, at the top","oben = au-dessus, en haut",,
9,,,,unten,"below, at the bottom","ci-dessous, en bas",,,"unten = below, at the bottom","unten = ci-dessous, en bas",,
9,,,,früh,early,tôt,,,früh = early,früh = tôt,,
9,,,,spät,late,tard,,,spät = late,spät = tard,,